{"cameraMode":{"drawMode":0,"name":"Shaded","section":"Shading Mode"},"sceneLighting":false,"audioPlay":false,"sceneViewState":{"showFog":true,"showMaterialUpdate":false,"showSkybox":false,"showFlares":true,"showImageEffects":true,"showParticleSystems":true},"in2DMode":false,"pivot":{"x":1.5314865112304688,"y":16.24100112915039,"z":17.099998474121095},"rotation":{"x":0.11454670131206513,"y":-0.8446243405342102,"z":0.20027686655521394,"w":0.48317644000053408},"size":3.7969024181365969,"orthographic":false}