{"cameraMode":{"drawMode":0,"name":"Shaded","section":"Shading Mode"},"sceneLighting":true,"audioPlay":false,"sceneViewState":{"showFog":true,"showMaterialUpdate":false,"showSkybox":true,"showFlares":true,"showImageEffects":true,"showParticleSystems":true},"in2DMode":false,"pivot":{"x":0.3659398555755615,"y":0.09389162063598633,"z":21.76319122314453},"rotation":{"x":-0.09922366589307785,"y":-0.8811261057853699,"z":0.21313245594501496,"w":-0.4104025959968567},"size":3.872542142868042,"orthographic":false}