{"cameraMode":{"drawMode":0,"name":"Shaded","section":"Shading Mode"},"sceneLighting":true,"audioPlay":false,"sceneViewState":{"showFog":true,"showMaterialUpdate":false,"showSkybox":true,"showFlares":true,"showImageEffects":true,"showParticleSystems":true},"in2DMode":false,"pivot":{"x":5.138047695159912,"y":-6.4834136962890629,"z":-7.048343181610107},"rotation":{"x":-0.4739925265312195,"y":0.09266329556703568,"z":-0.050200313329696658,"w":-0.8742504715919495},"size":22.047422409057618,"orthographic":false}