{"cameraMode":{"drawMode":0,"name":"Shaded","section":"Shading Mode"},"sceneLighting":false,"audioPlay":false,"sceneViewState":{"showFog":true,"showMaterialUpdate":false,"showSkybox":false,"showFlares":true,"showImageEffects":true,"showParticleSystems":true},"in2DMode":false,"pivot":{"x":-10.763994216918946,"y":-13.3100004196167,"z":-17.73192024230957},"rotation":{"x":-0.09922366589307785,"y":-0.8811261057853699,"z":0.21313245594501496,"w":-0.4104025959968567},"size":0.8250000476837158,"orthographic":false}