{"cameraMode":{"drawMode":0,"name":"Shaded","section":"Shading Mode"},"sceneLighting":true,"audioPlay":false,"sceneViewState":{"showFog":true,"showMaterialUpdate":false,"showSkybox":false,"showFlares":true,"showImageEffects":true,"showParticleSystems":true},"in2DMode":false,"pivot":{"x":-11.501226425170899,"y":-31.159400939941408,"z":-77.3479995727539},"rotation":{"x":-0.4739925265312195,"y":0.09266329556703568,"z":-0.050200313329696658,"w":-0.8742504715919495},"size":40.010372161865237,"orthographic":false}