{"cameraMode":{"drawMode":0,"name":"Shaded","section":"Shading Mode"},"sceneLighting":true,"audioPlay":false,"sceneViewState":{"showFog":true,"showMaterialUpdate":false,"showSkybox":true,"showFlares":true,"showImageEffects":true,"showParticleSystems":true},"in2DMode":false,"pivot":{"x":2.2590389251708986,"y":26.86403465270996,"z":3.5050454139709474},"rotation":{"x":-0.4739925265312195,"y":0.09266329556703568,"z":-0.050200313329696658,"w":-0.8742504715919495},"size":1.8269824981689454,"orthographic":false}